Method,Name,Error,Occurrences
GET,/hotels,"ConnectTimeoutError(<HTTPConnection(host='192.168.1.237', port=5000) at 0x2b19b4e1350>, 'Connection to 192.168.1.237 timed out. (connect timeout=None)')",1
GET,/hotels,"ConnectTimeoutError(<HTTPConnection(host='192.168.1.237', port=5000) at 0x2b19aaca910>, 'Connection to 192.168.1.237 timed out. (connect timeout=None)')",1
GET,/recommendations,"ConnectTimeoutError(<HTTPConnection(host='192.168.1.237', port=5000) at 0x2b19b502850>, 'Connection to 192.168.1.237 timed out. (connect timeout=None)')",1
GET,/hotels,"ConnectTimeoutError(<HTTPConnection(host='192.168.1.237', port=5000) at 0x2b19aa76e10>, 'Connection to 192.168.1.237 timed out. (connect timeout=None)')",1
GET,/hotels,"ConnectTimeoutError(<HTTPConnection(host='192.168.1.237', port=5000) at 0x2b19b1f4e90>, 'Connection to 192.168.1.237 timed out. (connect timeout=None)')",1
GET,/hotels,"ConnectTimeoutError(<HTTPConnection(host='192.168.1.237', port=5000) at 0x2b19b19cfd0>, 'Connection to 192.168.1.237 timed out. (connect timeout=None)')",1
GET,/hotels,"ConnectTimeoutError(<HTTPConnection(host='192.168.1.237', port=5000) at 0x2b19b9ea8d0>, 'Connection to 192.168.1.237 timed out. (connect timeout=None)')",1
GET,/recommendations,"ConnectTimeoutError(<HTTPConnection(host='192.168.1.237', port=5000) at 0x2b19b531a90>, 'Connection to 192.168.1.237 timed out. (connect timeout=None)')",1
GET,/hotels,"ConnectTimeoutError(<HTTPConnection(host='192.168.1.237', port=5000) at 0x2b19a62e890>, 'Connection to 192.168.1.237 timed out. (connect timeout=None)')",1
GET,/recommendations,"ConnectTimeoutError(<HTTPConnection(host='192.168.1.237', port=5000) at 0x2b19aadbf50>, 'Connection to 192.168.1.237 timed out. (connect timeout=None)')",1
GET,/hotels,"ConnectTimeoutError(<HTTPConnection(host='192.168.1.237', port=5000) at 0x2b19a652bd0>, 'Connection to 192.168.1.237 timed out. (connect timeout=None)')",1
GET,/hotels,"ConnectTimeoutError(<HTTPConnection(host='192.168.1.237', port=5000) at 0x2b19b5c5010>, 'Connection to 192.168.1.237 timed out. (connect timeout=None)')",1
GET,/recommendations,"ConnectTimeoutError(<HTTPConnection(host='192.168.1.237', port=5000) at 0x2b19a6fd550>, 'Connection to 192.168.1.237 timed out. (connect timeout=None)')",1
GET,/hotels,"ConnectTimeoutError(<HTTPConnection(host='192.168.1.237', port=5000) at 0x2b19b5d4750>, 'Connection to 192.168.1.237 timed out. (connect timeout=None)')",1
GET,/recommendations,"ConnectTimeoutError(<HTTPConnection(host='192.168.1.237', port=5000) at 0x2b19b548e90>, 'Connection to 192.168.1.237 timed out. (connect timeout=None)')",1
GET,/hotels,"ConnectTimeoutError(<HTTPConnection(host='192.168.1.237', port=5000) at 0x2b19aa16490>, 'Connection to 192.168.1.237 timed out. (connect timeout=None)')",1
GET,/recommendations,"ConnectTimeoutError(<HTTPConnection(host='192.168.1.237', port=5000) at 0x2b19b193850>, 'Connection to 192.168.1.237 timed out. (connect timeout=None)')",1
GET,/hotels,"ConnectTimeoutError(<HTTPConnection(host='192.168.1.237', port=5000) at 0x2b19b19e850>, 'Connection to 192.168.1.237 timed out. (connect timeout=None)')",1
GET,/hotels,"ConnectTimeoutError(<HTTPConnection(host='192.168.1.237', port=5000) at 0x2b19a68bd90>, 'Connection to 192.168.1.237 timed out. (connect timeout=None)')",1
GET,/recommendations,"ConnectTimeoutError(<HTTPConnection(host='192.168.1.237', port=5000) at 0x2b19b190ad0>, 'Connection to 192.168.1.237 timed out. (connect timeout=None)')",1
GET,/recommendations,"ConnectTimeoutError(<HTTPConnection(host='192.168.1.237', port=5000) at 0x2b19b151f50>, 'Connection to 192.168.1.237 timed out. (connect timeout=None)')",1
GET,/hotels,"ConnectTimeoutError(<HTTPConnection(host='192.168.1.237', port=5000) at 0x2b19b55f610>, 'Connection to 192.168.1.237 timed out. (connect timeout=None)')",1
GET,/hotels,"ConnectTimeoutError(<HTTPConnection(host='192.168.1.237', port=5000) at 0x2b19b1448d0>, 'Connection to 192.168.1.237 timed out. (connect timeout=None)')",1
GET,/hotels,"ConnectTimeoutError(<HTTPConnection(host='192.168.1.237', port=5000) at 0x2b19a62cb10>, 'Connection to 192.168.1.237 timed out. (connect timeout=None)')",1
GET,/recommendations,"ConnectTimeoutError(<HTTPConnection(host='192.168.1.237', port=5000) at 0x2b19b1bbf10>, 'Connection to 192.168.1.237 timed out. (connect timeout=None)')",1
GET,/hotels,"ConnectTimeoutError(<HTTPConnection(host='192.168.1.237', port=5000) at 0x2b19b530250>, 'Connection to 192.168.1.237 timed out. (connect timeout=None)')",1
GET,/recommendations,"ConnectTimeoutError(<HTTPConnection(host='192.168.1.237', port=5000) at 0x2b19b122850>, 'Connection to 192.168.1.237 timed out. (connect timeout=None)')",1
GET,/recommendations,"ConnectTimeoutError(<HTTPConnection(host='192.168.1.237', port=5000) at 0x2b19b5ded50>, 'Connection to 192.168.1.237 timed out. (connect timeout=None)')",1
GET,/hotels,"ConnectTimeoutError(<HTTPConnection(host='192.168.1.237', port=5000) at 0x2b19a3ae310>, 'Connection to 192.168.1.237 timed out. (connect timeout=None)')",1
GET,/hotels,"ConnectTimeoutError(<HTTPConnection(host='192.168.1.237', port=5000) at 0x2b19a6510d0>, 'Connection to 192.168.1.237 timed out. (connect timeout=None)')",1
GET,/recommendations,"ConnectTimeoutError(<HTTPConnection(host='192.168.1.237', port=5000) at 0x2b19a6fd8d0>, 'Connection to 192.168.1.237 timed out. (connect timeout=None)')",1
GET,/hotels,"ConnectTimeoutError(<HTTPConnection(host='192.168.1.237', port=5000) at 0x2b19a699290>, 'Connection to 192.168.1.237 timed out. (connect timeout=None)')",1
GET,/hotels,"ConnectTimeoutError(<HTTPConnection(host='192.168.1.237', port=5000) at 0x2b19b1cc590>, 'Connection to 192.168.1.237 timed out. (connect timeout=None)')",1
GET,/hotels,"ConnectTimeoutError(<HTTPConnection(host='192.168.1.237', port=5000) at 0x2b19aae5d50>, 'Connection to 192.168.1.237 timed out. (connect timeout=None)')",1
GET,/hotels,"ConnectTimeoutError(<HTTPConnection(host='192.168.1.237', port=5000) at 0x2b19a3c16d0>, 'Connection to 192.168.1.237 timed out. (connect timeout=None)')",1
GET,/hotels,"ConnectTimeoutError(<HTTPConnection(host='192.168.1.237', port=5000) at 0x2b19b4eda50>, 'Connection to 192.168.1.237 timed out. (connect timeout=None)')",1
GET,/hotels,"ConnectTimeoutError(<HTTPConnection(host='192.168.1.237', port=5000) at 0x2b19a6ac110>, 'Connection to 192.168.1.237 timed out. (connect timeout=None)')",1
GET,/recommendations,"ConnectTimeoutError(<HTTPConnection(host='192.168.1.237', port=5000) at 0x2b19ba07f50>, 'Connection to 192.168.1.237 timed out. (connect timeout=None)')",1
GET,/recommendations,"ConnectTimeoutError(<HTTPConnection(host='192.168.1.237', port=5000) at 0x2b19b508210>, 'Connection to 192.168.1.237 timed out. (connect timeout=None)')",1
GET,/hotels,"ConnectTimeoutError(<HTTPConnection(host='192.168.1.237', port=5000) at 0x2b19adb9c90>, 'Connection to 192.168.1.237 timed out. (connect timeout=None)')",1
GET,/hotels,"ConnectTimeoutError(<HTTPConnection(host='192.168.1.237', port=5000) at 0x2b19b5d7710>, 'Connection to 192.168.1.237 timed out. (connect timeout=None)')",1
GET,/hotels,"ConnectTimeoutError(<HTTPConnection(host='192.168.1.237', port=5000) at 0x2b19b4e2b90>, 'Connection to 192.168.1.237 timed out. (connect timeout=None)')",1
GET,/hotels,"ConnectTimeoutError(<HTTPConnection(host='192.168.1.237', port=5000) at 0x2b19ba88350>, 'Connection to 192.168.1.237 timed out. (connect timeout=None)')",1
GET,/hotels,"ConnectTimeoutError(<HTTPConnection(host='192.168.1.237', port=5000) at 0x2b19b52ce90>, 'Connection to 192.168.1.237 timed out. (connect timeout=None)')",1
GET,/recommendations,"ConnectTimeoutError(<HTTPConnection(host='192.168.1.237', port=5000) at 0x2b19aada510>, 'Connection to 192.168.1.237 timed out. (connect timeout=None)')",1
GET,/hotels,"ConnectTimeoutError(<HTTPConnection(host='192.168.1.237', port=5000) at 0x2b19b1cde10>, 'Connection to 192.168.1.237 timed out. (connect timeout=None)')",1
GET,/hotels,"ConnectTimeoutError(<HTTPConnection(host='192.168.1.237', port=5000) at 0x2b19b1d1150>, 'Connection to 192.168.1.237 timed out. (connect timeout=None)')",1
GET,/hotels,"ConnectTimeoutError(<HTTPConnection(host='192.168.1.237', port=5000) at 0x2b19ba2a450>, 'Connection to 192.168.1.237 timed out. (connect timeout=None)')",1
GET,/hotels,"ConnectTimeoutError(<HTTPConnection(host='192.168.1.237', port=5000) at 0x2b19aab75d0>, 'Connection to 192.168.1.237 timed out. (connect timeout=None)')",1
GET,/hotels,"ConnectTimeoutError(<HTTPConnection(host='192.168.1.237', port=5000) at 0x2b19aad4e10>, 'Connection to 192.168.1.237 timed out. (connect timeout=None)')",1
GET,/hotels,"ConnectTimeoutError(<HTTPConnection(host='192.168.1.237', port=5000) at 0x2b19b9f5ed0>, 'Connection to 192.168.1.237 timed out. (connect timeout=None)')",1
GET,/hotels,"ConnectTimeoutError(<HTTPConnection(host='192.168.1.237', port=5000) at 0x2b19a69ad90>, 'Connection to 192.168.1.237 timed out. (connect timeout=None)')",1
GET,/hotels,"ConnectTimeoutError(<HTTPConnection(host='192.168.1.237', port=5000) at 0x2b19ba92210>, 'Connection to 192.168.1.237 timed out. (connect timeout=None)')",1
GET,/hotels,"ConnectTimeoutError(<HTTPConnection(host='192.168.1.237', port=5000) at 0x2b19b5ae550>, 'Connection to 192.168.1.237 timed out. (connect timeout=None)')",1
GET,/hotels,"ConnectTimeoutError(<HTTPConnection(host='192.168.1.237', port=5000) at 0x2b19b9e9190>, 'Connection to 192.168.1.237 timed out. (connect timeout=None)')",1
GET,/recommendations,"ConnectTimeoutError(<HTTPConnection(host='192.168.1.237', port=5000) at 0x2b19ae0cbd0>, 'Connection to 192.168.1.237 timed out. (connect timeout=None)')",1
GET,/hotels,"ConnectTimeoutError(<HTTPConnection(host='192.168.1.237', port=5000) at 0x2b19aad6dd0>, 'Connection to 192.168.1.237 timed out. (connect timeout=None)')",1
GET,/hotels,"ConnectTimeoutError(<HTTPConnection(host='192.168.1.237', port=5000) at 0x2b19a695b50>, 'Connection to 192.168.1.237 timed out. (connect timeout=None)')",1
GET,/recommendations,"ConnectionResetError(10054, 'An existing connection was forcibly closed by the remote host', None, 10054, None)",32
GET,/recommendations,"ConnectTimeoutError(<HTTPConnection(host='192.168.1.237', port=5000) at 0x2b19b9b3150>, 'Connection to 192.168.1.237 timed out. (connect timeout=None)')",1
GET,/hotels,"ConnectTimeoutError(<HTTPConnection(host='192.168.1.237', port=5000) at 0x2b19a6b6dd0>, 'Connection to 192.168.1.237 timed out. (connect timeout=None)')",1
GET,/hotels,"ConnectTimeoutError(<HTTPConnection(host='192.168.1.237', port=5000) at 0x2b19aa14b50>, 'Connection to 192.168.1.237 timed out. (connect timeout=None)')",1
GET,/hotels,"ConnectTimeoutError(<HTTPConnection(host='192.168.1.237', port=5000) at 0x2b19aa1d6d0>, 'Connection to 192.168.1.237 timed out. (connect timeout=None)')",1
GET,/hotels,"ConnectTimeoutError(<HTTPConnection(host='192.168.1.237', port=5000) at 0x2b19b5dcfd0>, 'Connection to 192.168.1.237 timed out. (connect timeout=None)')",1
GET,/hotels,"ConnectTimeoutError(<HTTPConnection(host='192.168.1.237', port=5000) at 0x2b19adbb710>, 'Connection to 192.168.1.237 timed out. (connect timeout=None)')",1
GET,/hotels,"ConnectTimeoutError(<HTTPConnection(host='192.168.1.237', port=5000) at 0x2b19a6a6550>, 'Connection to 192.168.1.237 timed out. (connect timeout=None)')",1
GET,/hotels,"ConnectTimeoutError(<HTTPConnection(host='192.168.1.237', port=5000) at 0x2b19add9910>, 'Connection to 192.168.1.237 timed out. (connect timeout=None)')",1
GET,/hotels,"ConnectTimeoutError(<HTTPConnection(host='192.168.1.237', port=5000) at 0x2b19ba343d0>, 'Connection to 192.168.1.237 timed out. (connect timeout=None)')",1
GET,/recommendations,"ConnectTimeoutError(<HTTPConnection(host='192.168.1.237', port=5000) at 0x2b19ba93810>, 'Connection to 192.168.1.237 timed out. (connect timeout=None)')",1
GET,/hotels,"ConnectTimeoutError(<HTTPConnection(host='192.168.1.237', port=5000) at 0x2b19aa29090>, 'Connection to 192.168.1.237 timed out. (connect timeout=None)')",1
GET,/hotels,"ConnectTimeoutError(<HTTPConnection(host='192.168.1.237', port=5000) at 0x2b19b4f4990>, 'Connection to 192.168.1.237 timed out. (connect timeout=None)')",1
GET,/recommendations,"ConnectTimeoutError(<HTTPConnection(host='192.168.1.237', port=5000) at 0x2b19b130190>, 'Connection to 192.168.1.237 timed out. (connect timeout=None)')",1
GET,/hotels,"ConnectTimeoutError(<HTTPConnection(host='192.168.1.237', port=5000) at 0x2b19b5332d0>, 'Connection to 192.168.1.237 timed out. (connect timeout=None)')",1
GET,/hotels,"ConnectTimeoutError(<HTTPConnection(host='192.168.1.237', port=5000) at 0x2b19a3b7a90>, 'Connection to 192.168.1.237 timed out. (connect timeout=None)')",1
GET,/hotels,"ConnectionResetError(10054, 'An existing connection was forcibly closed by the remote host', None, 10054, None)",26
GET,/hotels,"ConnectTimeoutError(<HTTPConnection(host='192.168.1.237', port=5000) at 0x2b19aaed310>, 'Connection to 192.168.1.237 timed out. (connect timeout=None)')",1
GET,/hotels,"ConnectTimeoutError(<HTTPConnection(host='192.168.1.237', port=5000) at 0x2b19aa93190>, 'Connection to 192.168.1.237 timed out. (connect timeout=None)')",1
GET,/recommendations,"ConnectTimeoutError(<HTTPConnection(host='192.168.1.237', port=5000) at 0x2b19b185d10>, 'Connection to 192.168.1.237 timed out. (connect timeout=None)')",1
GET,/hotels,"ConnectTimeoutError(<HTTPConnection(host='192.168.1.237', port=5000) at 0x2b19a70c2d0>, 'Connection to 192.168.1.237 timed out. (connect timeout=None)')",1
GET,/recommendations,"ConnectTimeoutError(<HTTPConnection(host='192.168.1.237', port=5000) at 0x2b19aa35d10>, 'Connection to 192.168.1.237 timed out. (connect timeout=None)')",1
GET,/hotels,"ConnectTimeoutError(<HTTPConnection(host='192.168.1.237', port=5000) at 0x2b19aaa0350>, 'Connection to 192.168.1.237 timed out. (connect timeout=None)')",1
GET,/hotels,"ConnectTimeoutError(<HTTPConnection(host='192.168.1.237', port=5000) at 0x2b19b184690>, 'Connection to 192.168.1.237 timed out. (connect timeout=None)')",1
GET,/hotels,"ConnectTimeoutError(<HTTPConnection(host='192.168.1.237', port=5000) at 0x2b19a3cdd10>, 'Connection to 192.168.1.237 timed out. (connect timeout=None)')",1
